restaurant,aspect,sentence_count,tf_summary,mmr_summary
Antipodean Cafe,food,25,food delicious service really good definitely coming back food taste great however service need improvement,food delicious service really good definitely coming back best breakfast town usually go mid valley branch taste bangsar branch love big breakfast coffee
Antipodean Cafe,service,67,good food great service nice food good service,superb service food nice great place tea time good service staff friendly food delicious
Antipodean Cafe,atmosphere,6,great food ambiance enjoyed food ambience,great food ambiance loved service ambience place nice hearty breakfast morning quiet mallrecommended come
Antipodean @ Atria,food,14,good service food delicious nice staff large portion good food,nice place want tasty food nice staff large portion good food
Antipodean @ Atria,service,71,nice food good service good service friendly waiter great food,good service friendly waiter great food good food nice ambiance attentive service staff back soon
Antipodean @ Atria,atmosphere,5,good food nice ambience good serviceexcellent coffeegood ambience,food ambience good love kid playing area give u time good food nice ambience
Antipodean @ Atria,price,6,wonderful food great service worth value big breakfast awesome worth try,yummy pancake healthy selection price reasonable play area kid service great sop awesome food bit overpriced worth like feed ant colony price
Khan’s Indian Cuisine,food,40,delicious food ambience nice taste north indian food,great indian cuisine authentic indian think food authentic indian cuisine definitely come back good food translated google food super delicious especially chicken spicy briyani prawn briyani super translated google food super delicious especially chicken spicy briyani prawn briyani super original food super delicious especially chicken spicy briyani prawn briyani super
Khan’s Indian Cuisine,service,22,good service good food service good,friendly staff great ambience good service good food
Khan’s Indian Cuisine,atmosphere,10,good food nice ambiance amazing indian food worth coming brilliant service nice ambience clean,good food nice ambiance food ambience ok manager supervisor indian chap loud shame managed well place wont last long price worth
Khan’s Indian Cuisine,price,12,food good price expensive food good really little expensive,consistently bad customer care interraction also expensive every time get craving indian try order khan sphere location phone number many food site wrong many call consistently bad customer care interraction also expensive every time get craving indian try order khan sphere location phone number many food site wrong many call website say make reservation order via x email finally call one answer say khan ask khan sent email order website directs told quite rudely take hour read replied go whatsapp honestly business people whatsapp people smart phone despite person phone may order pickup silly procedure bad phone etiquette expensive top never star rating would get food good price expensive
myBurgerLab OUG,food,17,delicious burger burger awesome gourmet burger fan place salsa sauce delicious,like title say burger good tried flavor jammin elvis ultraman vivien husband shroom shroom captain hook nasi lemak rendang double trouble like title say burger good tried flavor jammin elvis ultraman vivien husband shroom shroom captain hook nasi lemak rendang double trouble complaint except ultraman salted eggy enough sauce pale comparison normal salted egg yolk color love jammin elvis cause love peanut butter jelly one favor combination eat another thing really love salsa sauce please choose nacho side sauce heavenly would come back also please open branch jb singapore hail latter hearing raving review delicious burger
myBurgerLab OUG,service,21,great burger service friendly staff fantastic burger service ever,great burger service friendly staff nice food good service
myBurgerLab OUG,atmosphere,8,nice burger clean place good place burger though time place get busy,good place burger though time place get busy second store famous burger house myburgerlab klang valley smaller first store seapark petaling jaya less crowded burger house look clean little spacious second store famous burger house myburgerlab klang valley smaller first store seapark petaling jaya less crowded burger house look clean little spacious burger great usual staff friendly helpful always smile face soda gun instead dispenser bottomless refill station really cool open kitchen rear end restaurant check burger cooked made
myBurgerLab OUG,price,9,expensive food good place nice burger price,expensive food good place nice burger price
Kayra Authentic Kerala Cuisine @Bangsar Village,food,52,good authentic food delicious nice food nice place different way experience indian food,good authentic food delicious excellent kerala dish service efficient
Kayra Authentic Kerala Cuisine @Bangsar Village,service,16,food delicious staff attentive food superb service excellent,great food south indian kerala restaurant amazing service food delicious staff attentive
Kayra Authentic Kerala Cuisine @Bangsar Village,atmosphere,6,good ambience good food healthy living good place kerala food good ambiance,food nice good ambience must try good place kerala food good ambiance
Kayra Authentic Kerala Cuisine @Bangsar Village,price,13,super pricey ok expensive food provided good place definitely worth price good food kerala taste bit expensive worth,super pricey ok expensive food provided good place definitely worth price great food good value money nice staff
Village Park Restaurant,food,60,delicious nasi lemak fried chicken crowded usual visit place nasi lemak great fried chicken,delicious nasi lemak fried chicken food great crispy taste deliciousservice great staff knew crowded setup new table u table still wrap plastic
Village Park Restaurant,service,18,nasi lemak bad need wait table food good service bad star improve staff attitude,food good service bad star improve staff attitude nasi lemak bad need wait table
Village Park Restaurant,atmosphere,10,great nasi lemak crowded mean good ordered nasi lemak breakfast one best nasi lemak preparation smooth fast bit crowded make lively p need go early avoid long queue,place deserves fame atmosphere hectic super long queue crowded outddor seating free seating need chope table ordering indoor seating system queue super long queue place deserves fame atmosphere hectic super long queue crowded outddor seating free seating need chope table ordering indoor seating system queue super long queue ayam goreng set come nice chiken leg deep fried fragrant speices rice superb fluffy ample amount cocunut combination sambal ikan bilis peanut ayam goreng blended well one plate enough however queue deters ordering another plate dishers sold visit managed eat lontong vege okra tried ayam rendang well would prefer goreng version definitely worth visit heard place hesitated trying go took year bring thought another nasi lemak well conclusion much better adam road nasi lemak singapore rumoured frequented royal brunei family great nasi lemak crowded mean good
Village Park Restaurant,price,12,food amazing still good worth time lot people nasi lemak adam goreng nice rm nasi lemak sotong normal rm,one favorite nasi lemak joint good food affordable price get packed depending time day best order take away know uptown like know parking serious issue however alternative parking starling mall help yummy nasi lemak worth wait high price forget juicy fried chicken yummy licious sambal
Ishin Japanese Dining,food,24,food fresh delicious service good translated google environment good food fresh delicious translated google environment good food fresh delicious original,best japanese food ever love wagyu much excited cod fish sperm price high valuable food fresh delicious service good
Ishin Japanese Dining,service,30,food service amazing good food environment service,worry parking issue parking valet service service crew attentive well food portion reasonable price fresh delicious one best japanese food kl worry parking issue parking valet service service crew attentive well food portion reasonable price fresh delicious one best japanese food kl yellow tail sashimi die sushi amazing cut seafood generous recommended make reservation good food environment service
Ishin Japanese Dining,atmosphere,10,good food n environment good environment food,fresh scrumptious sashimi nice ambience good environment food
Ishin Japanese Dining,price,13,good tasting japanese food reasonable price fantastic food good service come high price,good service great food cosy environment affordable price highly recommended good tasting japanese food reasonable price
Aliyaa,food,42,wonderful service delicious food food good though spicy,delicious sri lankan cuisine bit spicy dish taste flavor wonderful good service food decent hospitsble food portion little price
Aliyaa,service,23,food good service food good service excellent,food good service best sri lankan restaurant kl excellent service friendly staff love mutton bone paratal sweet appam
Aliyaa,atmosphere,10,great food atmosphere good food comfortable ambience,good food comfortable ambience great food atmosphere
Aliyaa,price,10,food great worth expensive yes worth yes go yesss,food great worth go theie amazing crab curry slightly expensive side make sure reserve table go
Vin's Restaurant,food,32,famous italian food much western food tried lamb ok pizza good lamb rack delicious,serf good italian dish pizza fantastic also decently good selection whisky offered serf good italian dish pizza fantastic also decently good selection whisky offered glass good place good food chat drink glad kitchen still open takeaway lockdown thoroughly enjoyed garlic bread pure bliss salmon pasta little fishy burnt butter mushroom pasta delicious food better expected glad kitchen still open takeaway lockdown thoroughly enjoyed garlic bread pure bliss salmon pasta little fishy burnt butter mushroom pasta delicious food better expected circumstance think wait staff could done better job letting u know food done come ask fear would sorely cold time got home eat
Vin's Restaurant,service,33,food service great food great staff friendly,food service great nice staff
Vin's Restaurant,atmosphere,10,good food good ambience good food ambiance,delicious food cozy atmosphere love place good vibe good food nice neighborhood place
Vin's Restaurant,price,7,good food way expensive bit pricey worth food good recommended,good food way expensive came birthday celebration service amazing kept checking u make sure well served price reasonable menu definitely come back
MTR,food,65,good variety south indian food option good taste authentic south indian dosa crisp dosa simply unmatchable best dish onion rava masala dosa,perfect fix missing masala dosa bangalore awesome dosas poori uppma good taste authentic south indian vegetarian food great service must go place highly recommended
MTR,service,17,great good quality food accessible easy locate great quality food good service one comfortable indian restaurant nice authentic indian food brickfield definitely try rava dosa rava masala dosa vada one best ever tried staff friendly helpful one comfortable indian restaurant nice authentic indian food brickfield definitely try rava dosa rava masala dosa vada one best ever tried staff friendly helpful never stingy sauce feel free ask need usually sufficiently provided,mtr couple time least experience different time first food definitely one best authentic south indian food one get malaysia taste take back mtr mtr couple time least experience different time first food definitely one best authentic south indian food one get malaysia taste take back mtr mission road bangalore however would probably stay away desert particularly mtr special chandrahara big disappointment hard crusted gravy top thin coming people friendly helpful always carry smile bad come serving maybe staff used waiting people restaurant like first time waited minute dosa people came even served second time remind three time get glass hot water everytime reminded looked like first time hearing request ask whether would visit recommend place friend yes definitely would tasty food enough time spare service may bit slow good tasty food moderate price great service friendly staff polite provide proper suggestion good tasty food moderate price great service friendly staff polite provide proper suggestion tourist requested booked return taxi hotel
MTR,atmosphere,5,one fav childhood restaurant south india bangalore nostalgic memory visiting place n eating indian steam rice cake elder used describe rice cake smooth gentle fragrant like jasmine flower one fav childhood restaurant south india bangalore nostalgic memory visiting place n eating indian steam rice cake elder used describe rice cake smooth gentle fragrant like jasmine flower sambar die drink like say restaurant kuala lumpur go place ever deep craving masala dosa ummm mouth watering podi dosa another killer glad happy kl dont miss going way bangalore loved place clean hygienic place amazing location taste namma bengaluru preserved presented well staff really humble courteous want namma bengaluru food looking,anywhere near place eat anywhere else even stay nearby week eat without getting bored food awesome price may seem compared india price far best place eat kl sentral hotel neat clean good atmosphere great staff pleasant see mtr kualalampur located little india serf variety indian north south vegetarian dish usual masala dosa favourite ambience clean beautiful importantly opportunity meet kannada speaking person opened till pm
MTR,price,11,indian veg food good food reasonable price good quality south indian food price bit high side,today step breakfast ordered single idly plain thosai white chutney good sambar taste like sambar anyway price thosai extremely expensive pair idly cost rm never today step breakfast ordered single idly plain thosai white chutney good sambar taste like sambar anyway price thosai extremely expensive pair idly cost rm never go back paid rm thosai idli easily veg briyani price paid never go back good quality south indian food price bit high side
Din Tai Fung 鼎泰豐 at The Gardens Mall,food,54,grill pork delicious food ok service good environment good food good especially fried rice n long bean fried minced meat steam siew long pau ginger good,food service great xiao long bao must order dish yummy fried rice really fragrant shaoshing wine chicken great appetizer like cold dish flavorful order pot good chinese tea wash oiliness famous xiao long pao restaurant garden always packed service quite fast efficient served best sour spicy soup tried soup many restaurant cooked best famous xiao long pao restaurant garden always packed service quite fast efficient served best sour spicy soup tried soup many restaurant cooked best rich creamy soup full taste sour spicy another must try item fried rice many type egg fried rice delicious place little pricey quality food well worth
Din Tai Fung 鼎泰豐 at The Gardens Mall,service,25,food service fantastic food service satisfiedhighly recommended,food service fantastic fast service numbering queue eatable food xiao long bao good
Din Tai Fung 鼎泰豐 at The Gardens Mall,atmosphere,8,top notch service always food tasty ambience comfortable food still taste ok price always high side comfortable setting seating staff generally well trained safety sop food still taste ok price always high side comfortable setting seating staff generally well trained safety sop ok biggest gripe owner year even pandemic still accept cash payment everyone else switching e wallet kiasu owner even offer cc payment c mon la bos really wan na save bank charge badly,top notch service always food tasty ambience comfortable food get cold due serving seat setting crowded along noisy dining room
Din Tai Fung 鼎泰豐 at The Gardens Mall,price,9,service fast efficient food quality worth price service good food good previous visit price expensive,good food reasonable price tendto extremely noisy holiday service fast efficient food quality worth price
Positano Risto @ Publika,food,42,delicious affordable food delicious magherita pizza halal italian food muslim,delicious magherita pizza halal italian food muslim really love food highly recommended portion quite good price paid love especially seafood soup pesto ordered also superb seafood risotto taste quite seafood soup though good definitely back
Positano Risto @ Publika,service,39,good food nice ambiance attentive friendly staff nice environment friendly staff food nice great pizza,nice environment friendly staff food nice great pizza without doubt one best service waiter waitress really making effort make feel comfortable ordered lamb shank beef ball think well cooked way like ambience picture perfect fancy italian restaurant
Positano Risto @ Publika,atmosphere,10,good food great ambiance good date special occasion family nice cozy place eat italian food,love food ambience comfy suitable family occasion bit hard find parking either park publika mall easiest way park valet besides restaurant rm per entry nice environment quiet food good pretty standard taste similar place good service
Positano Risto @ Publika,price,11,food delicious price bit expensive overall good experience price little bit expensive worth price staff well trained cobsiderate serve fast,food delicious price bit expensive overall good experience mean gon na serve rm pasta better make sure goood sauce diluted carbonara atrocious rather pasta fahrenheit half price wayyyyyyy better fresher
Sri Nirwana Maju Restaurant - Bangsar,food,67,rm set banana leaf rice rice vegetable rm chicken dish one time thing delicious banana leaf rice small serving lamb octopus dish,rm set banana leaf rice rice vegetable rm chicken dish one time thing love place many others make restaurant always busy food portion given generously taste good best served
Sri Nirwana Maju Restaurant - Bangsar,service,18,long queue peak hour serve food banana leaf crowded fast service fried cucumber really nice average food high price wheelchair friendly wait like minute get seated mind long get good food sadly get flavour expected restaurant around area offer food much tastier food,long queue peak hour serve food banana leaf crowded fast service fried cucumber really nice overall food average rasam good though service ok people tend line lunch time time wait time table shorter bit pricy normal indian shop around kl
Sri Nirwana Maju Restaurant - Bangsar,atmosphere,5,time banana leaf rice curry place kl since lived kl would weekly stop weekend everyone time banana leaf rice curry place kl since lived kl would weekly stop weekend everyone visitor friend family used bring try banana leaf meal must try visitor even left kept visiting kl often would visit place one favorite place kl love mutton wait travel back kl go banana leaf fix one best indian restaurant bangsar love nasi goreng kambing kambing varuval food served banana leaf great place must try,nice food clean st visit mco although bit long queue quite fast get seat arrived around pm briyani rice already finished one best indian restaurant bangsar love nasi goreng kambing kambing varuval food served banana leaf great place must try
Sri Nirwana Maju Restaurant - Bangsar,price,7,st timer tourist one best maybe due hype maybe due long que maybe due small place regular banana leaf lover bad food price ridiculously high st timer tourist one best maybe due hype maybe due long que maybe due small place regular banana leaf lover bad food price ridiculously high maybe due high rental due location price many curry house offer better value nicer taste one best banana leaf cuisine kl price high side people easily forked rm,food great fried veggie crunchy bill quite expensive personally nirvana taipan better bangsar one best banana leaf cuisine kl price high side people easily forked rm
Naughty Nuri's @ Atria Shopping Gallery(Non Halal),food,33,good restaurant pork rib drink delicious crispy pork many good food tasty,food good pork rib done meat slide bone easily great friendly service great selection balinese dish fried rice deep fried intestine
Naughty Nuri's @ Atria Shopping Gallery(Non Halal),service,27,good service good food food good staff friendly,good service good food nice friendly staff especially reycheeles rib delicious flaming chicken
Naughty Nuri's @ Atria Shopping Gallery(Non Halal),atmosphere,4,great food environment like pork rib indonesian food place famous pork rib everyone plan visit good place family friend matter big party,like pork rib indonesian food place famous pork rib everyone plan visit good place family friend matter big party good food little loud usual eating establishment
Naughty Nuri's @ Atria Shopping Gallery(Non Halal),price,5,expensive worth money reasonable food good,balinese style restaurant famous pork rib mee goreng price little expensive worth money staff especially helpful dedicated occasionally dancing performance make day forget order signature cocktail lychee martini wait little surprise reasonable food good
Restoran Mum's Place,food,52,quite spicy food delicious food tasty staff nice,one favourite restaurant great place like spicy food delicious nyonya food malaysia must try signature sambal chili fish daunnkeledek
Restoran Mum's Place,service,23,good food service good restaurant good service good food,good food service many giving great review place nice place go eat disappointed dish superb delicious especially curry rendang besides service staff good friendly highly recommended
Restoran Mum's Place,atmosphere,9,nice food nice environment nice portuguese food cosy environment,good food little mild though nice easy ambiance nice food nice environment
Restoran Mum's Place,price,7,food good value great spicy food reasonable price,great spicy food reasonable price good food slightly expensive
Ah Sang Bak Kut Teh,food,57,soup herbal taste strong like much loved herbal bak kut teh soup like herbal soup highly recommended,taste good prefer klang taste one best place bak kut teh strong thick flavored soup
Ah Sang Bak Kut Teh,service,13,bah kut teh good dry pork soup good service friendly place serve reasonable nice bak kut teh place clean service good,bah kut teh good dry pork soup good service friendly food service nice food served promptly highly recommend
Ah Sang Bak Kut Teh,atmosphere,2,one best bkt klang valley year sg way bkt lover come try lunch time crowded clean big restaurant plentiful parking opposite restaurant well known good bak kut teh since year ago find special maybe personal problem medium pricing,one best bkt klang valley year sg way bkt lover come try lunch time crowded clean big restaurant plentiful parking opposite restaurant well known good bak kut teh since year ago find special maybe personal problem medium pricing
Ah Sang Bak Kut Teh,price,11,nice traditional local malaysian chinese food reasonable price delicious bat kut teh reasonable price,delicious bat kut teh reasonable price nice traditional local malaysian chinese food reasonable price
The Daily Grind Bangsar,food,33,good vegetarian burger good menu great food,go spot burger triple stack burger sweet potato chip pickle andnifnits cheat meal day strawberry waffle dessert absolutely delicious staff also friendly point great burger understatedly good fried chicken cake
The Daily Grind Bangsar,service,17,good food service coming year burger good good service nice environment good food pricey,great dining experience staff friendly attentive good service nice environment good food pricey
The Daily Grind Bangsar,atmosphere,8,love since first day ate classic waffle deceased friend almarhum kaza go place family whenever crave burger waffle bangsar restaurant much special u love since first day ate classic waffle deceased friend almarhum kaza go place family whenever crave burger waffle bangsar restaurant much special u stuff seen daughter growing since baby till old burger portion massive classic waffle make fall love waffle ambience nice stuff fantastic reliable place burger twist nice atmosphere interior good service feel like quality dropped slightly though,reliable place burger twist nice atmosphere interior good service feel like quality dropped slightly though good food nice environment pricey serving size suitable price would recommend special occasion instead quick bite
The Daily Grind Bangsar,price,8,great burger little bit costly worth price burger shake best obviously price little bangsar worth taste quality,quite bland fry crispy rather super soft liked bun came dry super disappointed maybe place among best year back whatever definitely peeled quite bland fry crispy rather super soft liked bun came dry super disappointed maybe place among best year back whatever definitely peeled many expectation coming tonight leaving totally unsatisfied owner please mystery quality check really wish best quality standard rather stay away way expensive bland dry stuff served great burger little bit costly worth price
33 Blue Room,food,37,food delicious nice environment even take away food put effort plating good taste food reasonable pricing,celebrated girlfriend birthday made reservation day earlier seated upstairs request yeah quieter romantic upstairs ordered pork loin steak squid bacon wrapped sausage celebrated girlfriend birthday made reservation day earlier seated upstairs request yeah quieter romantic upstairs ordered pork loin steak squid bacon wrapped sausage mushroom soup plus glass overall great experience attentive service relaxing ambience wish quieter good fantastic food least table celebrated birthday well clearly popular choice birthday celebration set lunch menu well look good try next time food delicious nice environment
33 Blue Room,service,31,great environment nice food good service great service amazing food,food delicious staff friendly great environment nice food good service
33 Blue Room,atmosphere,29,nice place hangout food environment nice good ambience good food pizza fine,nice place hangout food environment nice good ambience good food pizza fine
33 Blue Room,price,9,good place visit nice food fair price good ambiance best service fourth time visiting reached pm thursday full house recommended make reservation food great reasonable price set lunch rm rm drink portion huge nice plating fourth time visiting reached pm thursday full house recommended make reservation food great reasonable price set lunch rm rm drink portion huge nice plating staff attentive friendly great place almost kind occasion nice ambience overall visit,great ambience service food generous portion nice plating worth price set lunch available everyday come selection drink personally would recommend mint lemon tea surprisingly great ambience service food generous portion nice plating worth price set lunch available everyday come selection drink personally would recommend mint lemon tea surprisingly good pizza also amazing better make reservation convenient dropping message facebook amazing place great friendly atmosphere people nice wide choice food price reasonable place one could chill
Skillet KL,food,42,tasty food good tasty food,choose course lunch paid around rm pax menu change based season start free called appetizer fixed next appetizer choose pumpkin soup soup today iran choose course lunch paid around rm pax menu change based season start free called appetizer fixed next appetizer choose pumpkin soup soup today iran caviar pumpkin soup milky opinion iran caviar taste wonderful first time creative potato dish match caviar really unforgettable taste time main dish choose chicken lamb main course doubt delicious lastly dessert carrot cake mont blanc normal nothing surprise dessert love attitude serve customer overall dining experience skilful satisfyingly good tasty food
Skillet KL,service,35,excellent food service good food excellent service,good food excellent service love every bite happening place friendly staff great experience especially ordered dessert
Skillet KL,atmosphere,11,beautiful place good nice ambience outside area recommend day became bit oven hot day like today nice ambience outside area recommend day became bit oven hot day like today food wise good salmon beet appetizer give seafood risotto needed bit oomph though presentation top notch,beautiful place good awesome environment dining
Skillet KL,price,11,lovely food reasonable price nice food good service worth price,barramundi food alright opinion price much better option nice food good service worth price
Unique Seafood PJ23,food,39,food tasty good service lobster noods crab prawn seafood lobster noods crab prawn seafood dish great,best get really good live seafood really good service clean spacious bright steam fish cooked soy sauce another one deep fried prawn fruit platter end overall satisfying experience place biggest variety seafood ever seen felt like aquarium food course fresh taste great good age better come group try dish
Unique Seafood PJ23,service,26,great food good service good seafood restaurant attentive service,great food good service fresh seafood awesome food attentive service staff love
Unique Seafood PJ23,atmosphere,4,food good place clean price abit premium everything freshly serf nice place food ok try butter prawn tasty ambiance typical chinese seafood restaurant parking space limited valet parking service available good time,nice place food ok try butter prawn tasty ambiance typical chinese seafood restaurant parking space limited valet parking service available good time food good place clean price abit premium everything freshly serf
Unique Seafood PJ23,price,22,best seafood restaurant fresh live seafood bit high price worth great seafood average high price,food expensive need pay parking fee best seafood restaurant fresh live seafood bit high price worth
Grub by Ahong & Friends,food,73,food fast taste good apple sauce went really well steak well far food quality good good size portion,food fast taste good apple sauce went really well steak well ordered fried quail yorkshire pudding bread side dish ribeye wagyu main everything rm ish ordered fried quail yorkshire pudding bread side dish ribeye wagyu main everything rm ishoverall price affordable fried quail delicious right amount crispy favourite part meal potato salad vegetable came main wagyu meh passable
Grub by Ahong & Friends,service,10,although forgot book table server led u ground floor table proceeded order wagyu pasta name forgot good dining experience overall nice beef great atmosphere friendly staff bustling kitchen importantly good food meat good standard done well medium rare although closer rare issue great atmosphere friendly staff bustling kitchen importantly good food meat good standard done well medium rare although closer rare issue tech savvy ordering beep app awesome really appreciate got going ah hong kudos friend keeping great standard godspeed future endeavour,quick service tender flavorful cut beef reasonable price enjoyed beet salad staff good job done cafe opposite row sell wonderful cake coffee place said notorious even get table without reservation come high expectation table service sorry say disappointed everything cutlery place said notorious even get table without reservation come high expectation table service sorry say disappointed everything cutlery water self service kitchen floor air conditioned floor take board go order fill table number get cutlery drink wait turned place let know food talking service first taste wagyu mediocre say least since moving teenage year never order well done today medium rare tick spot tender juicy gaminess cow smell feel oomph feel good factor sitting think figured used gamey smell without felt something missing wagyu devoid gamey smell characteristic meat hardly fault chef g wagyu flank set back rm whilst cheaper wagyu rump set back rm exorbitantly expensive tasted kobe beef suggest interested frill dining reserve table dinner walk lunch fame fortune around corner act fast edited tableapp need go facebook select date pay rm deposit per person make sure remind deposit paying bill
Grub by Ahong & Friends,atmosphere,7,walked past time without realizing restaurant looking front restaurant deceptive look like traditional sundry shop found decided try tomahawk good enough family walked past time without realizing restaurant looking front restaurant deceptive look like traditional sundry shop found decided try tomahawk good enough family four restaurant self service downstairs air conditioning however good food make spartan look great place steak would recommend make reservation get pretty crowded,highly recommended friend tried several time book last minute fully booked frill restaurant judging packed crowd many seem undeter rather stuffy environment probably unfortunate highly recommended friend tried several time book last minute fully booked frill restaurant judging packed crowd many seem undeter rather stuffy environment probably unfortunate table direct aircondition unit first time u manage order signature beef rib instead wagyu ribeyes food okay comment chance test signature dish star environment experienced great place steak would recommend make reservation get pretty crowded
Grub by Ahong & Friends,price,13,frill restaurant food mediocre reasonable price portion good frill restaurant food mediocre reasonable price portion good surprisingly fry really good came try famous steak food good super affordable price came try famous steak food good super affordable price systematic food ordering method online super fast convenient book table earlier get crowded weekend,crazy value money love meat want pay exorbitant price place crazy value money love meat want pay exorbitant price place ordered striploin medium well chef nailed seasoned well others utterly delicious generous portion affordable pricing good food crowd follows make reservation especially weekend people mountain people sea even weekday wow friend reservation small fee deposited cutlery service ordered many heart content awwww gam dong p welcome note cute btw poor engrish frill restaurant food mediocre reasonable price portion good frill restaurant food mediocre reasonable price portion good surprisingly fry really good
leaf & co. cafe,food,40,charming place good food recomend try rose latte unusual tasty good place dinner food tasty salted egg croissant must soo good,ambience great top service worker food excellent price definitely cheap considering taste portion satay thick delicious fried chicken chop resembles taste kfc really loved evrything cafe cafe hunter really try cafe came coffee dessert thought try fun speciality drink toffee nut latte think coffee good syrup strange strange floral taste came coffee dessert thought try fun speciality drink toffee nut latte think coffee good syrup strange strange floral taste come environment old school hipster vibe sure food coffee
leaf & co. cafe,service,25,atmosphere impressive food service good good environment drink ok service good,cozy ambience friendly staff nice music atmosphere impressive food service good
leaf & co. cafe,atmosphere,24,love food ambience loved vibe interior cafe nice food drink good,third time really great place decoration concept classic beautiful like food also bad food ordered tasty amazing satisfying suitable price even quiet pricey service quiet slow sometimes slow loved vibe interior cafe nice food drink good
leaf & co. cafe,price,6,tourist spot cafe nothing good term food drink price another cosy cafe opened malaysian tastefully using old building part deco food portion good reasonable respectively drink average strongly urge malaysian explore eatery along petaling street area might find another gem serf good food reasonable price,tourist spot cafe nothing good term food drink price another cosy cafe opened malaysian tastefully using old building part deco food portion good reasonable respectively drink average strongly urge malaysian explore eatery along petaling street area might find another gem serf good food reasonable price
Pinchos Tapas Bar,food,24,good delicious tapa delicious n good size serving meal,good delicious tapa absolutely love food bit pricey side food lovely
Pinchos Tapas Bar,service,21,good food service reasonably good food drink service fast,excellent tapa great atmosphere fantastic friendly staff good service reasonably good food drink service fast
Pinchos Tapas Bar,atmosphere,17,great atmosphere good tapa nice food good atmosphere chilling work,nice food good atmosphere chilling work awesome food consistently prepared great drink ambiance bad review seem odd place different
Pinchos Tapas Bar,price,7,best tapa kl bit expensive best tapa kl food delicious good value money,food great choice tapa nothing complaint except alcohol little expensive compared restaurant back tapa best tapa kl bit expensive
Botanica + Co at Bangsar South,food,56,nice place portion huge fish florentine good nice place brunch food average really big portion salad served,still amazing month since last visit restaurant still amazes magnificent pizza last night hand tossed baked fresh front u came back today still amazing month since last visit restaurant still amazes magnificent pizza last night hand tossed baked fresh front u came back today lunch best christmas turkey lunch ever amazing stuffing caramelized brusselsprouts guessed amazing lovely environment staff great food fair price quality food portion big good sharing nice place bday celebration friend gathering forget reserve going always pack even weekday food portion big good sharing nice place bday celebration friend gathering forget reserve going always pack even weekday love fish chip truffle fry cocktail
Botanica + Co at Bangsar South,service,22,nice place eat chat food service good nice ambience lovely generally good food little hiccup service improved,nice place eat chat food service good food okay delicious like pizza price also bad reasonable overall food price okay service think need improve service waiting time quiet long staff helpful less friendly hope help cafe improve service
Botanica + Co at Bangsar South,atmosphere,19,great food ambience quite pricey great food care food selection good ambience great,ambiance brilliant place beautiful say least real living plant nice decour food rather disappointing quite mediocre drink pretty nice people go restaurant ambiance brilliant place beautiful say least real living plant nice decour food rather disappointing quite mediocre drink pretty nice people go restaurant instagram worthy tell wrong also place filled people birthday party food decently priced food selection good ambience great
Botanica + Co at Bangsar South,price,7,great foodreasonable price unprofessional restaurant ever come contact boyfriend birthday wanted order biggest mistake placed order pm pm told u cancelled order unprofessional restaurant ever come contact boyfriend birthday wanted order biggest mistake placed order pm pm told u cancelled order order whole family btw cafe everywhere already close right mind would accept order cancel hour later bother wasting money tell food overpriced mediocre best please try cafe kl get money worth,unprofessional restaurant ever come contact boyfriend birthday wanted order biggest mistake placed order pm pm told u cancelled order unprofessional restaurant ever come contact boyfriend birthday wanted order biggest mistake placed order pm pm told u cancelled order order whole family btw cafe everywhere already close right mind would accept order cancel hour later bother wasting money tell food overpriced mediocre best please try cafe kl get money worth great foodreasonable price
Entier French Dining,food,50,exceptional lunch menu set menu great value ambience lovely delicious food recommended,food great service fantastic lunch menu set start course menu reasonable seafood cuttlefish starter good fish beef lamb recommended dish main chocolate banana dessert food great service fantastic lunch menu set start course menu reasonable seafood cuttlefish starter good fish beef lamb recommended dish main chocolate banana dessert speciality well view great high level pleasant dining experience welcome large small group food good great friendly prompt service favourite dish would beetroot salad surprisingly delicious would definitely go back one also house truffle butter yummy
Entier French Dining,service,29,excellent service great food nice ambience st time visit french restaurant expected service food average,always frequent place lunch experience always great good food good service amazing ambience back dinner soon restaurant located st floor alila hotel lunch course menu highly recommended worth money waiter friendly explain food served highly enjoy meal everything well restaurant located st floor alila hotel lunch course menu highly recommended worth money waiter friendly explain food served highly enjoy meal everything well expectation particular bread butter awesome start tomato starter great surprise love lamb main
Entier French Dining,atmosphere,14,came lunch nice ambience pretty appetizing food presentation good food beautiful ambience great food good service reasonable price,came lunch nice ambience pretty appetizing food presentation good food great food top quality view ok enjoyed atmosphere
Entier French Dining,price,7,delicious food impeccable service lunch set super value money would recommend excellent food ambience service price reasonable celebrated anniversary restaurant table last week gentleman served table beyond expectation excellent food ambience service price reasonable celebrated anniversary restaurant table last week gentleman served table beyond expectation thanks complementary sparkling wine wine dessert hghly recommend,delicious food impeccable service lunch set super value money would recommend excellent food ambience service price reasonable celebrated anniversary restaurant table last week gentleman served table beyond expectation excellent food ambience service price reasonable celebrated anniversary restaurant table last week gentleman served table beyond expectation thanks complementary sparkling wine wine dessert hghly recommend
Restaurant Gold Dragon City,food,36,delicious chinese dish served nice food big portion,restaurant long remember used packed people mco getting quiet time visit support local business set dinner person rm restaurant long remember used packed people mco getting quiet time visit support local business set dinner person rm steam fish buttermilk prawn great fresh nicely cooked dish nice give try food tasty served fast good experience family
Restaurant Gold Dragon City,service,25,service food good food good price good service,service food good food staff especially captain easily bad mood peak hour bear good visit
Restaurant Gold Dragon City,atmosphere,8,like food good atmosphere decent environment bit dated least clean service ok food good asparagus nice eggplant nice hokkien mee also ok,decent chinese restaurant go ala carte avoid set meal fresher consistent overall get quite crowded parking pain well environment bit dated least clean service ok food good asparagus nice eggplant nice hokkien mee also ok
Restaurant Gold Dragon City,price,29,good chinese food reasonable price tasty food reasonable price,food quality bad price inexpensive crowded weekend due low pricing good chinese food reasonable price
Naj & Belle SS15 Courtyard,food,41,love food food good go food dessert delicious watermelon cake die,food dessert delicious watermelon cake die pasta taste great environment nice overall bad
Naj & Belle SS15 Courtyard,service,25,good coffee dessert service good good food service abit slow nice cake pasta coffee,good food service abit slow nice cake pasta coffee peaceful environment make place really comfy really chilled great cuisine great libation price affordable service also nice staff friendly helpful professional would love recommend definitely come soon
Naj & Belle SS15 Courtyard,atmosphere,9,good food environment nice environment good coffee choice,go grande awesome nice salmon cake good flavour moroccan egg great may hav preferred wee bit spicy overall good ambience nice place chill worth visit good food environment
Naj & Belle SS15 Courtyard,price,11,nice food good environment price bit expensive though portion big love place nice western style food dessert friend order pull duck spaghetti damm nice every bite spaghetti full flavour coffee also nice friend also recommended love place nice western style food dessert friend order pull duck spaghetti damm nice every bite spaghetti full flavour coffee also nice friend also recommended black ink squid spaghetti worth try price quite expensive reasonable standard food,nice cafe mall quite expensive tiramisu good food nice pricier side portion excluding service sst charge cake worth rm better cake cheaper price bad u get better cheaper price
Boran (Seapark) - Classic Thai Street Food,food,53,tasty authentic thai food bad food tasty,tasty authentic thai food always plesant satisfying visit come especially weekday lunch set reasonable priced big portion go dish thai basil minced pork rice favourite drink milk tea highly recommend place
Boran (Seapark) - Classic Thai Street Food,service,11,good food service good thai street food friendly service,good thai street food friendly service service good went lack staff self service food pork noodle soup better elsewhere
Boran (Seapark) - Classic Thai Street Food,atmosphere,2,decent milk tea cafe always crowded peak crowded diner takeaway thai red curry green curry thai milk tea much ice diluted dinner please reduce ice brain freeze good health milk tea kau,decent milk tea cafe always crowded peak crowded diner takeaway thai red curry green curry thai milk tea much ice diluted dinner please reduce ice brain freeze good health milk tea kau
Boran (Seapark) - Classic Thai Street Food,price,19,great food affordable price good thai food good value price,great food affordable price good thai food good value price
Fong Lye Taiwan Restaurant (Sunway) 蓬莱茶房,food,48,delicious taiwanese food tasty taiwanese food,went around pm still serve u staff busy cleaning co need went around pm still serve u staff busy cleaning co need close shop soon fussy always ordered supreme diced chicken time tried szechuan hot sour soup noodle dish taste nice go well fried squid pepper delicious taiwanese food
Fong Lye Taiwan Restaurant (Sunway) 蓬莱茶房,service,18,good service great service food,food great fast service yummy food good service
Fong Lye Taiwan Restaurant (Sunway) 蓬莱茶房,price,11,food accept price expensive nice food price bit high,food accept price expensive translated google high price worth original
Awesome Canteen,food,40,good food worth portion definitely come back nice ambiance good food paleo keto option menu,hyped awesome everyday canteen seriously lousy food overpriced item casual brightly lit environment make hispter place looked cool somehow hyped awesome everyday canteen seriously lousy food overpriced item casual brightly lit environment make hispter place looked cool somehow terrible small fish served risotto long waiting hour rosemary grilled chicken bad wasting money awesome experience put elsewhere canteen sure nice ambiance good food paleo keto option menu
Awesome Canteen,service,19,nice service food overall great food awesome service time food drink always consistent,awesome food friendly staff especially gorgeous bos dora definitely back nice service food overall
Awesome Canteen,atmosphere,14,nice food atmosphere food okay environment good instagram,food okay environment good instagram strength hip casual social hangout meetup place group nice healthy paleo style food coffee ok cake great nice trendy ambience walk away paramount lrt good quality food variety brunch lunch dinner arty strength hip casual social hangout meetup place group nice healthy paleo style food coffee ok cake great nice trendy ambience walk away paramount lrt good quality food variety brunch lunch dinner arty designy local type patron con closed mon parking tricky time nice ambience study seating arrangement allow much power port laptop burger quite horrible though quite pricey
Awesome Canteen,price,9,price okay food got pricey cheap well price serve excellent food amazing coffee portion small price paid u agree,price okay food got pricey cheap well price serve excellent food amazing coffee nothing special restaurant food spaghetti overcooked service bad worth price
Boon Signature Roast Pork,food,76,roast pork today crispy enough roast chicken good char siew roast chicken rice delicious,delicious roast pork roast chicken also excellent bbq pork good albeit bit sweet taste roasted pork signature dish tasty crispy skin meat part leaner side good like fatty texture char siew good
Boon Signature Roast Pork,service,3,loveeeeeeeeee place use japanese rice rice set char siew absolute bomb would definitely return try dish however one toilet cubicle good loveeeeeeeeee place use japanese rice rice set char siew absolute bomb would definitely return try dish however one toilet cubicle good condition staff friendly helpful place would better air conditioning despite exceptional char siew roast pork chicken service horrible staff worked sense urgency care address long line people standing outside waiting minute despite exceptional char siew roast pork chicken service horrible staff worked sense urgency care address long line people standing outside waiting minute dine take away slow performed like sunday stroll number u wanting take away wasted time standing minute rudely told fill takeaway form available table nobody cared inform u avoid frustration visit lunch time opt delivery instead,loveeeeeeeeee place use japanese rice rice set char siew absolute bomb would definitely return try dish however one toilet cubicle good loveeeeeeeeee place use japanese rice rice set char siew absolute bomb would definitely return try dish however one toilet cubicle good condition staff friendly helpful place would better air conditioning serving crispy roasted pork also char siew reasonable portion price need wait peak hour helpful staff pleasant setting
Boon Signature Roast Pork,atmosphere,4,believe mighty fine dine swine love pork end yo fork boon place got crispity crunchity pork belly savory delightful char shiu even believe mighty fine dine swine love pork end yo fork boon place got crispity crunchity pork belly savory delightful char shiu even rice ever nice hog heaven next trip boon pig mess dad found place newspaper tried say pretty good char siew chicken pork best ever tasted place nice grungy design giving modern feel clean place would definitely come,believe mighty fine dine swine love pork end yo fork boon place got crispity crunchity pork belly savory delightful char shiu even believe mighty fine dine swine love pork end yo fork boon place got crispity crunchity pork belly savory delightful char shiu even rice ever nice hog heaven next trip boon pig mess dad found place newspaper tried say pretty good char siew chicken pork best ever tasted place nice grungy design giving modern feel clean place would definitely come
Boon Signature Roast Pork,price,13,roast pork iberico roast pork char siew must try roast pork fat skin crispy easy enough bite easily roast pork iberico roast pork char siew must try roast pork fat skin crispy easy enough bite easily price fair enough would come back siew yoke char siew really nice price really steep,got roast pork char siu delicious amazing price little steep think worth quality food finally tried first bad experience first opened logistic issue roast pork right crunch lean western side yummy japanese pearl rice though lettuce finally tried first bad experience first opened logistic issue roast pork right crunch lean western side yummy japanese pearl rice though lettuce veggie feel better okay new iberico roast pork bit burnt delicious find price reasonable service improved alot since opening
Restoran New Wong Poh,food,36,crab delicious well known buttered crab crab dish always crowded food good,crab lover absolute must try buttermilk crab thick creamy tasteful buttermilk gravy serf perfectly alongside fried mantou bun must go crab lover good delicious food crab fresh reasonably priced recommend butter crab one popular dish deterrent parking place park park far away
Restoran New Wong Poh,service,14,good food wait table service v poor bad attitude service staff food worth price overall disappointed,good food wait table service v poor bad attitude service staff food worth price overall disappointed
Restoran New Wong Poh,atmosphere,7,food crowded maybe due crab cheaper seafood restaurant small crab local crab popular crab restaurant pj long queue crowded like rest popular crab restaurant price quite fair minimum order two crab per serving got monster crab need early reserve popular crab restaurant pj long queue crowded like rest popular crab restaurant price quite fair minimum order two crab per serving got monster crab need early reserve price different monster crab according weight serving quite fast definitely come back treat,food crowded maybe due crab cheaper seafood restaurant small crab local crab food wise ok crowded
Restoran New Wong Poh,price,19,nice food reasonable price delicious price reasonable,nice food reasonable price good food resemble food price crab fresh good
Lankan Cafe,food,42,get delicious sri lankan food tasty sri lankan style food good service,tasty sri lankan style food good service simple lovely restaurant appam die super delicious
Lankan Cafe,service,32,food good service bad slow great food great environment great staff,food good service bad slow upstairs cafe clean pleasant nicely decorated ordered food take brewed coffee sri lankan milk tea mango lassi drink waiting food prepared drink nice son upstairs cafe clean pleasant nicely decorated ordered food take brewed coffee sri lankan milk tea mango lassi drink waiting food prepared drink nice son especially enjoyed mango lassi food tasty well ordered apams sothi marata crab staff management friendly patient u even though took time decide order plan go back dining
Lankan Cafe,atmosphere,8,lovely food great ambiance great food local atmosphere,great food local atmosphere nice sri lankan food curb home sickness good ambience lot fly must try rice set kottu roti
Lankan Cafe,price,7,nice food nice place price ok well food nice price bit expensive,enjoyed food price reasonable good family love buffet spread go place paal appam rm buffet come crab mutton chicken side vegetable desert worth money must try lump rice sri lankan version nasi lemak
Define:Food,food,25,food good portion big match price paying nice environment thanks delicious food,nice ambience cosy place food good must try risotto mushroom soup salted duck egg pasta food presentation good match food quality almost dish salty carbonara pasta big breakfast chicken burger fry make u want drink water like review understand food presentation good match food quality almost dish salty carbonara pasta big breakfast chicken burger fry make u want drink water like review understand charge rm pax drinking water high price tag restaurant could much better food quality
Define:Food,service,50,food nice service good good service good environment good food,food quality equivalent price staff friendly food nice service good
Define:Food,atmosphere,8,great food good ambience nice ambience good food,love atmosphere vibrant lovely love food great food good ambience
Define:Food,price,10,good food good price nice feel good food reasonable price,good food good price nice feel good place hangout friend bit expensive
"Dolly Dim Sum, NU Sentral",food,38,fried chicken surprisingly good dim sum delicious good service food delicious,one best halal dim sum fav dish szechuan dumpling chewy meat croquette salted fish fried rice steamed chicken sweet sour beancurd skin roll dessert salted egg custard bun good service food delicious
"Dolly Dim Sum, NU Sentral",service,26,quality food service nice food service,extremely delicious place eat dim sum enjoyed dinner lot atmosphere great service staff friendly service oriented extremely delicious place eat dim sum enjoyed dinner lot atmosphere great service staff friendly service oriented food quality usual dim sum place dolly dim sum definitely worth visit even purpose travel nu sentral shopping mall come loved taste quality food fully recommended fast service good food
"Dolly Dim Sum, NU Sentral",atmosphere,6,environment ok good place dine favorite place dimsum recommended,best place dimsum freak although bit pricy taste worth nice n cozy ambience crowded night environment ok food considered good best quality food varies different outlet
"Dolly Dim Sum, NU Sentral",price,4,extremely disappointed w e cashier named danny singapore one malaysia ever travel much often ever checked ringgit note pay authenticity guy took good whole sec extremely disappointed w e cashier named danny singapore one malaysia ever travel much often ever checked ringgit note pay authenticity guy took good whole sec scrutinise e ringgit note paid spoilt day seriously effing rude behaviour tbh enuf cash wallet pay pax banquet restuarant wat f thinking fancy price fancy food,fancy price fancy food halal dim sum much get service atmosphere good price expensive dim sum meal
Din Tai Fung 鼎泰豐 at 1 Utama Shopping Centre,food,30,delicious food good service service good food wise need mention taste good,shrimp fried rice still best delicious food good service
Din Tai Fung 鼎泰豐 at 1 Utama Shopping Centre,service,33,good food good service worth visit good food come extremely good service,great food service always good food good service worth visit
Din Tai Fung 鼎泰豐 at 1 Utama Shopping Centre,atmosphere,3,quality siew loong pau consistent good particularly liked lau sar pau salted egg custard bun creamy interior spot careful first bite creamy paste quite hot may spill liked set restaurant spacious hence comfortable everyone move stroller food hearty simple consistent although bit pricey,liked set restaurant spacious hence comfortable everyone move stroller food hearty simple consistent although bit pricey one frequent place one utama located little bit away less crowded typically except weekend food quality remain since shop open
Din Tai Fung 鼎泰豐 at 1 Utama Shopping Centre,price,9,good food expensive food good price cost,food good price cost good food expensive
ABC Bistro Cafe,food,32,nice spicy food n good tea waiter nice food surprisingly delicious,really like nasi kandar combined fried fish delicious open hour also serve nasi biryani okay place located kl sentral near nu sentral mall nice spicy food n good tea
ABC Bistro Cafe,service,10,food ok service fast nice food good service,great lepak place need focus hygiene service okay slow peak hour price affordable staff helpful try lepak lepak nice food good service
ABC Bistro Cafe,atmosphere,5,abc bistro cafe one best indian restaurant kuala lumpur best nasi kandar ever tasted kuala lumpur always visit abc bistro visiting kl ever stay easy hotel got free breakfast abc abc bistro cafe one best indian restaurant kuala lumpur best nasi kandar ever tasted kuala lumpur always visit abc bistro visiting kl ever stay easy hotel got free breakfast abc bistro cafe place cozy price affordable one portion nasi kandar canai telur ice limau rm staff kind restaurant area clean get reach restaurant monorail station use lift escalator restaurant located beside easy hotel restaurant located opposite kl sentral monorail entrance next easy hotel popular lunch hour usually short queue get served try nasi briyani ayam masak merah guaranteed restaurant located opposite kl sentral monorail entrance next easy hotel popular lunch hour usually short queue get served try nasi briyani ayam masak merah guaranteed tasty actually shop split side alley take note st shop next monorail wi fi satellite tv unlike similar mamak restaurant,abc bistro cafe one best indian restaurant kuala lumpur best nasi kandar ever tasted kuala lumpur always visit abc bistro visiting kl ever stay easy hotel got free breakfast abc abc bistro cafe one best indian restaurant kuala lumpur best nasi kandar ever tasted kuala lumpur always visit abc bistro visiting kl ever stay easy hotel got free breakfast abc bistro cafe place cozy price affordable one portion nasi kandar canai telur ice limau rm staff kind restaurant area clean get reach restaurant monorail station use lift escalator restaurant located beside easy hotel typical hour mamak clean decent food bit pricey though lot seating
ABC Bistro Cafe,price,17,good food average price good service clean restaurant good food affordable price course,good food average price boost e pay available
Marta's Kitchen @ Hartamas,food,45,nice spanish food generous portion come food delicious wide choice paella pasta dessert drink,nice spanish food generous portion come enjoyable tapa dinner marta food standard taste maintained well average galician octopus average bad texture alright lacked flavour iberico manchego platter good paired well enjoyable tapa dinner marta food standard taste maintained well average galician octopus average bad texture alright lacked flavour iberico manchego platter good paired well tomato spread bread prawn garlic evoo always must order prawn cooked perfectly flavourful iberico rib bone tender juicy yummy definitely one signature must order also ordered another special stewed iberico pork cheek red wine sauce meat tender sauce taste excellent portion could slightly larger croquetas jamon bechamel sauce really yummy must paella valencia also really flavourful rich taste seafood broth rice texture could slightly firm overall still comforting delicious churros freshly prepared crispy side less chewy taste good basque burnt cheese cake sweet palette service could slow expected due large crowd especially peak hour hence advice book ahead arrive early still one best place town good selection drink authentic spanish food
Marta's Kitchen @ Hartamas,service,32,good food good service excellent food excellent service,far best spanish restaurant wide selection tapa excellent paella pasta staff helpful attentive good food good service
Marta's Kitchen @ Hartamas,atmosphere,13,good food ambience proper spanish food love iberico pork rib love environment restaurant super busy dinner time make sure make reservation going love environment restaurant super busy dinner time make sure make reservation going food great employee attentive sang quite good birthday song hehees,love environment restaurant super busy dinner time make sure make reservation going love environment restaurant super busy dinner time make sure make reservation going food great employee attentive sang quite good birthday song hehees better book going get really crowded till queue around pm weekend ambience nice service great lot choice tapa might small serving
Marta's Kitchen @ Hartamas,price,4,excellent spanish restaurant spacious casual tapa paella highlight price reasonable portion adequate service exemplary waiter even went skydeck pay excellent spanish restaurant spacious casual tapa paella highlight price reasonable portion adequate service exemplary waiter even went skydeck pay parking visit best spanish joint town overrated say one authentic spanish restaurant kl outside spain prawn garlic oil meatball croquette calamari paella everything best spanish joint town overrated say one authentic spanish restaurant kl outside spain prawn garlic oil meatball croquette calamari paella everything dish definitely coming back pro tip parking hour rm flat anything per hour waiter also help pay parking behalf forget ask help,excellent spanish restaurant spacious casual tapa paella highlight price reasonable portion adequate service exemplary waiter even went skydeck pay excellent spanish restaurant spacious casual tapa paella highlight price reasonable portion adequate service exemplary waiter even went skydeck pay parking visit best spanish joint town overrated say one authentic spanish restaurant kl outside spain prawn garlic oil meatball croquette calamari paella everything best spanish joint town overrated say one authentic spanish restaurant kl outside spain prawn garlic oil meatball croquette calamari paella everything dish definitely coming back pro tip parking hour rm flat anything per hour waiter also help pay parking behalf forget ask help
THE TOKYO RESTAURANT.,food,44,service excellent food taste good look burnt cheesecake must service excellent food taste good look burnt cheesecake must celebrated ryan st birthday th august given complimentary shochu drink revisited coffee cake st oct shoyu garlic chicken taste delicious course original cheesecake amazing matcha cheesecake tad heavy thick,people come dessert several delicious choice dessert signature cheese cake taste good people come dessert several delicious choice dessert signature cheese cake taste good drink good well one full menu alcohol non alcohol choose price somewhat high good quality service ok new time enjoy restaurant floor lgf market open one spot sale take away cheese cake even cream take way love umami fry age chicken cheesecake star recommended like fusion japanese food
THE TOKYO RESTAURANT.,service,29,first time luncheon great service nice food nice environment good service nice food tried cheese cake seafood spaghetti two person good,cheesecake best far tasted seriously worth trying near place staff attentive friendly well would drop someday cheesecake nice environment good service nice food tried cheese cake seafood spaghetti two person good
THE TOKYO RESTAURANT.,atmosphere,11,came visit hearing great stuff mentaiko pasta cheesecake pasta okay chessecake really good possibly best town bake cheese cake rather set cheesecake came visit hearing great stuff mentaiko pasta cheesecake pasta okay chessecake really good possibly best town bake cheese cake rather set cheesecake still really smooth served whipped cream cut strong flavour profile cheesecake overall great ambience decent food love cheese cake lot delicious n must u need order ambience relax n comfortable coffe time,best burned cheesecake ever tasted really even indonesia never found delicious cheese cake like one best place comfortable quite romantic dinner love tonkatsu tonkatsu anzu service pretty good clean comfortable environment small decent price slightly average come rm set desert definitely recommended love tonkatsu tonkatsu anzu service pretty good clean comfortable environment small decent price slightly average come rm set desert definitely recommended homemade almond tofu white coffee pudding must try kid set rm set non halal restaurant
THE TOKYO RESTAURANT.,price,13,cheesecake worth rm per slice additional ice creamits casual cheesecake high price went famous cheesecake slightly famous tiramisu good especially cheesecake best cheesecake far tasted term texture fluffiness density price slightly went famous cheesecake slightly famous tiramisu good especially cheesecake best cheesecake far tasted term texture fluffiness density price slightly higher mainstream cheesecake slice saw bakery dessert shop worth value,good place nice food nice enviroment important cheap price must try famous super duper delicious burnt cheese cake add ice cream side umami fry super duper yummy say everything menu superb love food cheesecake much either original matcha best cheesecake town love food cheesecake much either original matcha best cheesecake town dinner always good enough one dish perfectly fine small eater price high end worth value flat rate parking available rm weekend lot
Sangeetha Veg Restaurant,food,49,tasty food best vegetarian indian food,good taste best vegetarian indian food
Sangeetha Veg Restaurant,service,10,good service loved food service,loved food service good service
Sangeetha Veg Restaurant,atmosphere,4,clean good authentic indian veg food however cost high good indian vegetarian restaurant kl ordered idli dosa vada south indian thali atmosphere good,good food cozy environment reasonable price clean good authentic indian veg food however cost high
Sangeetha Veg Restaurant,price,9,good food bit expensive ok veggie bit expensive,good food bit expensive centrally located hygienic ambience ok price reasonable within budget
UROKO Japanese Cuisine,food,24,great food authentic japanese food tasty food good service,tasty food good service great date night family dinner fresh amazing food avoid dinner set instead order type sashimi maki yakitori dish share wanted try foie gras maki already sold definitely back one
UROKO Japanese Cuisine,service,30,good food service service food good,good food service first time friend recommend say expensive fresh try day ago place nice friendly staff best salad salmon ball salad something new back next
UROKO Japanese Cuisine,atmosphere,18,nice food ambience food quality service good nice cozy environment,nice food ambience food quality service good nice cozy environment
UROKO Japanese Cuisine,price,14,great set lunch food fresh price reasonable price affordable service good,good japanese food price high side great set lunch food fresh price reasonable
"Nam Heong Vintage, Pavilion Elite",food,35,food delicious nice environment tasteless chicken rice chicken cooked,good service nice environment delicious food hor fun chicken rice amazing
"Nam Heong Vintage, Pavilion Elite",service,27,good service nice food food ok service also fast,good service nice food disappointed bad service food worth price ordered less sweet white coffee still extremely sweet staff keep away cup coffee still finish drink also warned u push table affect connection ordering ipad unpleasant face
"Nam Heong Vintage, Pavilion Elite",atmosphere,10,nice food environment good environment good food,nice food environment restaurant nice ambience good food
"Nam Heong Vintage, Pavilion Elite",price,10,price cheap place nice food ok good food good service good value money,price cheap place nice food ok service slow food taste special unique coffee egg tart bad egg tart price bit higher market price worth money
Menya Shi-Shi Do,food,74,nice ramen texture choice soup base ramen similar taste ramen ate okinawa especially theblack garlic flavour highly recommended miss japanese ramen dearly like portion big,authentic ramen shop tasted black garlic spicy pepper ramen shiro ramen broth rich tasty portion nice staff really friendly responsive price range rm onwards per dish authentic ramen shop tasted black garlic spicy pepper ramen shiro ramen broth rich tasty portion nice staff really friendly responsive price range rm onwards per dish reasonable lot variety soup restaurant get packed waiting hour lunch dinner ramen person probably one better ramen place tried better ippudo opinion ramen person probably one better ramen place tried better ippudo opinion noodle good bite recommended try yaki buta ramen triple flavor kuro aka thunder bbq pork thick tender personally prefer double flavour ramen kuro aka flavourful come bbq pork meat seems always queue hour day one long wait probably best come peak hour
Menya Shi-Shi Do,service,13,nice ramen hopefully staff friendly avoid long queue weekend lunch time ramen taste good like black garlic basil ramen staff friendly polite,avoid long queue weekend lunch time ramen taste good like black garlic basil ramen staff friendly polite wait almost hour get seated good impatient ppl ramen nice reasonably priced broth super thick liking worth try
Menya Shi-Shi Do,price,9,good affordable ramen beat store charge way great ramen excellent ramen best ever tasted date importantly reasonable price,superb ramen fairly reasonable price place requires introduction ramen aficionado great selection ramen suit ramen lover need however check timing visiting place restaurant constantly packed average waiting time go beyond minute peak hour one best ramen kl even price reflects quality quite well one best ramen kl even price reflects quality quite well well except lunch set bit pricy considering gave one slide cha syou rm place price could gave two slice yes know gave salad free flow green tea side compliment still almost perfect lunch set ramen shop jaya one many working men woman hunting lunch place great staff polite professional highly recommended visit try awesome ramen p tried black soup based ramen
La Risata Bar Pizzeria Ristorante (Damansara),food,40,wide selection delicious italian food tasty italian food one best pizza klang valley,tasty italian food one best pizza klang valley service good food delicious wine selection ambience shop nice
La Risata Bar Pizzeria Ristorante (Damansara),service,26,love good foodgood service bad service price food nice,food alright service let rate star one female staff really rude sounded like owns place yuck food pretty good service could efficient faster
La Risata Bar Pizzeria Ristorante (Damansara),atmosphere,11,cozy place dine find food fantastic nice food great n cozy environment fair price quality served,really good food nice cozy ambiance parking little tricky come wrong time well worth noisy environment need shout talk even switch music loud considerate food feel overrated
La Risata Bar Pizzeria Ristorante (Damansara),price,12,price affordable service good great pizza n authentic pasta reasonable pasta,great ambience good italian food reasonable price quality still favourite classy dining place bangsar pj area worth every penny paid vongole pasta amount clam ridiculous really delicious service great ambience great
BBQ Thai (OKR) Sdn Bhd,food,52,food taste food damn nice like food taste,heard lot place finally came supposedly authentic thai food tom yam sweeter side papaya salad bit spicy eat much spice please tell ask egg like heard lot place finally came supposedly authentic thai food tom yam sweeter side papaya salad bit spicy eat much spice please tell ask egg like chinese shop fried chicken powered ginger pad thai good coconut water good fresh young coconut staff order mixed table next u arrived min u food u food also arrive came tom yam soup came last asked waiter slight disappointment hype food taste
BBQ Thai (OKR) Sdn Bhd,service,16,nice food n service nice place food ok staff fantastic,nice food n service food good staff also friendly try bbq pork
BBQ Thai (OKR) Sdn Bhd,atmosphere,19,pricey thai food nice ambience great atmosphere nice food,pricey thai food nice ambience nice environment good food average price
BBQ Thai (OKR) Sdn Bhd,price,9,nice affordable price thai food slow food expensive yet nice eat,food good price slightly higher range slow food expensive yet nice eat
Chili's 1 Utama,food,39,love food good place feel like western food portion big taste ok,love food good place feel like western food portion big taste ok
Chili's 1 Utama,service,44,service quite good go food good service good food great place dine,good lunch special friendly staff recommended good service good food great place dine
Chili's 1 Utama,atmosphere,7,good environment good food good food environment music also,place super packed time love food choice expensive think kid eat free every main atmosphere really rustic homely feel matter dining place super packed time love food choice expensive think kid eat free every main atmosphere really rustic homely feel matter dining got table accommodate manager server pleasant obliging love accepts debit cash good environment good food
Chili's 1 Utama,price,3,popular western restaurant kl serf great food affordable price good looking nice western food price point abit expensive similar chilli malaysia,good looking nice western food price point abit expensive similar chilli malaysia popular western restaurant kl serf great food affordable price
Table9,food,39,delicious good korean italian food great taste food deco,went friend dinner salmon unique taste tangerine quite sweet smoked salmon salad honey lime dressing hit spot appetizer sphagetti pesto sauce nice went friend dinner salmon unique taste tangerine quite sweet smoked salmon salad honey lime dressing hit spot appetizer sphagetti pesto sauce nice chef accommodate chicken breast sphagetti overall taste bud definitely pampered uniqueness variety menu worth trying delicious good korean italian food
Table9,service,25,great service nice food nice environment good service,great service nice food decent food cozy environment staff friendly non busy hour
Table9,atmosphere,19,nice ambiance good food good food ambience,nice ambiance good food time service really great food good environment noisy play loud music good place work well
Table9,price,3,u r looking good food skip cost sure cafe underrated crowd usual food totally good like hidden gem telawi area many choice reasonable price nice ambience recommended definitely come,sure cafe underrated crowd usual food totally good like hidden gem telawi area many choice reasonable price nice ambience recommended definitely come u r looking good food skip cost
Williams Corner,food,73,big portion food average taste big portion food amazing taste,big portion food average taste good food great service menu would much better
Williams Corner,service,11,owner served u specify portion huge ordered food good service improved worst restaurant ever shouldnt even called restaurant hideous dirty restaurant corridor shoplot called waiter order food didnt entertain u gave u look one even gave worst restaurant ever shouldnt even called restaurant hideous dirty restaurant corridor shoplot called waiter order food didnt entertain u gave u look one even gave u disgusting look without reason waited literally one hour lying still havent ordered yet,worst cistomer service ever repeat order time different waiter suggest food unnecessarily lying first asked got nan plain said cheese nan later different customer asked say got heck shop need closed owner served u specify portion huge ordered food good service improved
Williams Corner,atmosphere,2,even picture taking spaghetti meatball im highly recommended u eat nsi goreng ketam best place much cleaner government ask clean price high food pretty alright recommended late lazy go elsewhere,even picture taking spaghetti meatball im highly recommended u eat nsi goreng ketam best place much cleaner government ask clean price high food pretty alright recommended late lazy go elsewhere
Williams Corner,price,13,superb tasty food worth price never go western food menu provided price unknown food cost food worth environment either way pricey,superb tasty food worth price food portion huge ask order price super expensive meal cost rm
After Black,food,40,great food love cake chicken place cosy good service food nice good price nothing amazing taste,great food love cake chicken place cosy good service food nice good price nothing amazing taste
After Black,service,20,good food friendly staff great service great food,good food friendly staff nice coffee however reason place sat large round table foul smell akin garbage turned meat strong easily ignored problem service aesthetic
After Black,atmosphere,10,good food good people good ambience food nice cozy n noisy time,food nice cozy n noisy time good food good people good ambience
After Black,price,23,good food reasonable price food good price reasonable set worth,good food reasonable price would say back best place around sunway area serf breakfast lunch dinner well affordable
Secret Of Louisiana at the lake,food,37,quite good spaghetti buffet tasty food waitress nice environment comfort tasty food waitress nice environment comfortspaghetti buffet,famous buffet style spaghetti every meal come drink bread mushroom soup lot spaghetti choice sure one suit taste staff friendly service good food preparation time reasonable find nice place dinner especially cooling night lake food good filling find nice place dinner especially cooling night lake food good filling smoked duck mango salad rm creamy escargot rm really good starter shared among u seafood jambalaya rm tasty rice overcooked also ordered fillet mignon rm turned slight bit seasoned thickness still good nonetheless tried angus beef rm well good
Secret Of Louisiana at the lake,service,42,romantic place nice food superb service service quite poor food average,greeting writing person incharge took care u would like highlight one waiter would like give written compliment name mr alam gave u warm welcome make u feel greeting writing person incharge took care u would like highlight one waiter would like give written compliment name mr alam gave u warm welcome make u feel comfortable friendly help u take picture without hesitation overall good staff deserve appreciated besides indeed lovely place perfect dinner date night thank romantic place nice food superb service
Secret Of Louisiana at the lake,atmosphere,11,good atmosphere suitable party food good cant believe hidden place nice view nice food,place quite priceythe view blocked darknessbut environment cozy nicethe cocktail good good atmosphere suitable party food good
Secret Of Louisiana at the lake,price,11,great place hangout lake good meal food great price reasonable canopy seating lake wonderful took wife place always wanted try food place reserved place via whatsapp since first time got seat lake pay additional rm book seat took wife place always wanted try food place reserved place via whatsapp since first time got seat lake pay additional rm book seat lake getting place fine parking need pay rm per hour food mostly western fan occasion every dish ordered extremely salty grill mix platter side lamb chicken shrimp fish worth price lamb good rest waste would give place star food quality improves doubt back anytime soon,planned surprise birthday celebration mini lake house need pay extra rm book mini lake house come decoration well food good per pax cost rm decent meal hidden gem kelana jaya went pasta buffet say quite ok price n presentation food got always nice saw table received dunno went pasta buffet say quite ok price n presentation food got always nice saw table received dunno trick u asked ice cream u end buffet ask pasta yeah mentioned worry oh free flow ice cream hmm think return fast st visit la
